timestamp,reading,Notes
2025-12-18 11:00:09,24.02856544,
2025-12-18 12:00:20,23.93011579,
2025-12-18 13:00:08,24.73616085,
2025-12-18 14:00:08,24.93920943,
2025-12-18 15:00:08,25.74523923,
2025-12-18 16:00:08,25.64678958,
2025-12-18 17:00:08,24.83461049,
2025-12-18 18:00:08,22.72413812,
2025-12-18 19:00:08,22.52108953,
2025-12-18 20:00:08,22.31804094,
2025-12-18 21:00:08,21.51199589,
2025-12-18 22:00:08,21.21051292,
2025-12-18 23:00:08,21.00746433,
2025-12-19 00:00:08,21.00746433,
2025-12-19 01:00:08,21.00746433,
2025-12-19 02:00:08,20.10296963,
2025-12-19 03:00:20,20.00451998,
2025-12-19 04:00:08,19.69687246,
2025-12-19 05:00:08,19.10004054,
2025-12-19 06:00:08,19.19849018,
2025-12-19 07:00:20,19.39537422,
2025-12-19 08:00:08,19.59842281,
2025-12-19 09:00:08,20.20141928,
2025-12-19 10:00:08,20.40446786,
2025-12-19 11:00:08,20.81056503,
2025-12-19 12:00:20,21.30894731,
2025-12-19 13:00:08,21.21051292,
2025-12-19 14:00:08,21.61659483,
2025-12-19 15:00:08,22.01654271,
2025-12-19 16:00:08,22.21344201,
2025-12-19 17:00:08,22.61953918,
2025-12-19 18:00:08,22.61953918,
2025-12-19 19:00:08,22.31804094,
2025-12-19 20:00:08,21.81964341,
2025-12-19 21:00:08,21.41354624,
2025-12-19 22:00:08,20.81056503,
2025-12-19 23:00:08,20.40446786,
2025-12-20 00:00:08,20.00451998,
2025-12-20 01:00:08,20.00451998,
2025-12-20 02:00:08,20.10296963,
2025-12-20 03:00:08,19.49997316,
2025-12-20 04:00:08,19.49997316,
2025-12-20 05:00:08,19.39537422,
2025-12-20 06:00:08,19.19849018,
2025-12-20 07:00:08,18.89699195,
2025-12-20 08:00:08,18.89699195,
2025-12-20 09:00:08,18.18939655,
2025-12-20 10:00:08,18.89699195,
2025-12-20 11:00:08,19.39537422,
2025-12-20 12:00:08,20.20141928,
2025-12-20 13:00:08,21.00746433,
2025-12-20 14:00:08,20.90901468,
2025-12-20 15:00:08,21.71504448,
2025-12-20 16:00:08,21.71504448,
2025-12-20 17:00:08,21.91809306,
2025-12-20 18:00:08,21.71504448,
2025-12-20 19:00:08,21.11206327,
2025-12-20 20:00:08,20.81056503,
2025-12-20 21:00:08,20.60751645,
2025-12-20 22:00:08,20.20141928,
2025-12-20 23:00:08,20.10296963,
2025-12-21 00:00:08,20.20141928,
2025-12-21 01:00:08,19.89992104,
2025-12-21 02:00:08,19.69687246,
2025-12-21 03:00:08,19.80147139,
2025-12-21 04:00:20,19.80147139,
2025-12-21 05:00:08,19.10004054,
2025-12-21 06:00:08,19.29693983,
2025-12-21 07:00:08,19.10004054,
2025-12-21 08:00:08,18.89699195,
2025-12-21 09:00:08,18.79239301,
2025-12-21 10:00:08,19.19849018,
2025-12-21 11:00:08,19.89992104,
2025-12-21 12:00:08,20.50291751,
2025-12-21 13:00:08,21.00746433,
2025-12-21 14:00:08,21.51199589,
2025-12-21 15:00:08,21.91809306,
2025-12-21 16:00:08,21.91809306,
2025-12-21 17:00:08,22.11499236,
2025-12-21 18:00:08,22.11499236,
2025-12-21 19:00:08,21.41354624,
2025-12-21 20:00:08,21.30894731,
2025-12-21 21:00:08,21.00746433,
2025-12-21 22:00:08,20.60751645,
2025-12-21 23:00:08,20.7059661,
2025-12-22 00:00:20,20.10296963,
2025-12-22 01:00:08,20.20141928,
2025-12-22 02:00:08,20.10296963,
2025-12-22 03:00:08,19.59842281,
2025-12-22 04:00:08,19.89992104,
2025-12-22 05:00:08,19.69687246,
2025-12-22 06:00:08,19.69687246,
2025-12-22 07:00:20,20.10296963,
2025-12-22 08:00:08,20.50291751,
2025-12-22 09:00:20,22.01654271,
2025-12-22 10:00:08,23.93011579,
2025-12-22 11:00:08,23.23321679,
2025-12-22 12:00:08,23.7332165,
2025-12-22 13:00:08,23.83166614,
2025-12-22 14:00:08,23.83166614,
2025-12-22 15:00:08,24.6377112,
2025-12-22 16:00:08,24.93920943,
2025-12-22 17:00:08,24.73616085,
2025-12-22 18:00:08,24.73616085,
2025-12-22 19:00:08,24.23161403,
2025-12-22 20:00:08,24.23161403,
2025-12-22 21:00:08,23.32711932,
2025-12-22 22:00:08,23.0194718,
2025-12-22 23:00:08,22.52108953,
2025-12-23 00:00:08,22.41649059,
2025-12-23 01:00:08,22.11499236,
2025-12-23 02:00:08,21.51199589,
2025-12-23 03:00:08,21.30894731,
2025-12-23 04:00:08,21.11206327,
2025-12-23 05:00:08,20.81056503,
2025-12-23 06:00:08,20.7059661,
2025-12-23 07:00:20,21.11206327,
2025-12-23 08:00:08,21.41354624,
2025-12-23 09:00:08,22.52108953,
2025-12-23 10:00:08,23.0194718,
2025-12-23 11:00:08,23.42556897,
2025-12-23 12:00:20,23.83166614,
2025-12-23 13:00:08,22.21344201,
2025-12-23 14:00:08,22.72413812,
2025-12-23 15:00:08,22.92103741,
2025-12-23 16:00:01,22.52108953,
2025-12-23 17:00:01,22.61953918,
2025-12-23 18:00:01,22.61953918,
2025-12-23 19:00:01,22.41649059,
2025-12-23 20:00:01,22.31804094,
2025-12-23 21:00:01,22.21344201,
2025-12-23 22:00:01,21.41354624,
2025-12-23 23:00:01,20.81056503,
2025-12-24 00:00:01,20.40446786,
2025-12-24 01:00:01,20.30601821,
2025-12-24 02:00:01,20.00451998,
2025-12-24 03:00:01,20.00451998,
2025-12-24 04:00:01,19.29693983,
2025-12-24 05:00:01,18.9954416,
2025-12-24 06:00:01,18.9954416,
2025-12-24 07:00:01,19.10004054,
2025-12-24 08:00:01,19.29693983,
2025-12-24 09:00:01,20.20141928,
2025-12-24 10:00:01,20.60751645,
2025-12-24 11:00:01,20.30601821,
2025-12-24 12:00:01,21.00746433,
2025-12-24 13:00:01,21.00746433,
2025-12-24 14:00:01,21.11206327,
2025-12-24 15:00:01,21.21051292,
2025-12-24 16:00:01,21.30894731,
2025-12-24 17:00:01,21.00746433,
2025-12-24 18:00:01,21.00746433,
2025-12-24 19:00:01,21.00746433,
2025-12-24 20:00:01,20.81056503,
2025-12-24 21:00:01,20.40446786,
2025-12-24 22:00:01,19.80147139,
2025-12-24 23:00:01,19.19849018,
2025-12-25 00:00:01,19.19849018,
2025-12-25 01:00:01,18.39244513,
2025-12-25 02:00:01,17.88789831,
2025-12-25 03:00:01,18.0909469,
2025-12-25 04:00:01,17.78329937,
2025-12-25 05:00:01,17.18646745,
2025-12-25 06:00:01,17.08186852,
2025-12-25 07:00:01,16.87881993,
2025-12-25 08:00:01,17.58641534,
2025-12-25 09:00:01,18.0909469,
2025-12-25 10:00:01,18.49089478,
2025-12-25 11:00:01,18.49089478,
2025-12-25 12:00:01,19.10004054,
2025-12-25 13:00:01,19.49997316,
2025-12-25 14:00:01,19.59842281,
2025-12-25 15:00:01,19.89992104,
2025-12-25 16:00:01,20.00451998,
2025-12-25 17:00:01,19.89992104,
2025-12-25 18:00:01,19.89992104,
2025-12-25 19:00:01,20.10296963,
2025-12-25 20:00:01,20.20141928,
2025-12-25 21:00:01,19.89992104,
2025-12-25 22:00:01,19.29693983,
2025-12-25 23:00:01,18.58934443,
2025-12-26 00:00:01,18.0909469,
2025-12-26 01:00:01,17.88789831,
2025-12-26 02:00:01,17.78329937,
2025-12-26 03:00:01,17.88789831,
2025-12-26 04:00:01,17.58641534,
2025-12-26 05:00:01,17.38336675,
2025-12-26 06:00:01,17.08186852,
2025-12-26 07:00:01,17.58641534,
2025-12-26 08:00:01,17.88789831,
2025-12-26 09:00:01,18.79239301,
2025-12-26 10:00:01,18.79239301,
2025-12-26 11:00:01,19.39537422,
2025-12-26 12:00:01,19.19849018,
2025-12-26 13:00:01,19.69687246,
2025-12-26 14:00:01,19.89992104,
2025-12-26 15:00:01,20.20141928,
2025-12-26 16:00:01,20.30601821,
2025-12-26 17:00:01,20.40446786,
2025-12-26 18:00:01,20.60751645,
2025-12-26 19:00:01,20.60751645,
2025-12-26 20:00:01,20.60751645,
2025-12-26 21:00:01,19.89992104,
2025-12-26 22:00:01,19.39537422,
2025-12-26 23:00:01,19.29693983,
2025-12-27 00:00:01,18.69394337,
2025-12-27 01:00:01,18.18939655,
2025-12-27 02:00:01,18.39244513,
2025-12-27 03:00:01,18.18939655,
2025-12-27 04:00:01,17.88789831,
2025-12-27 05:00:01,17.88789831,
2025-12-27 06:00:01,17.48796569,
2025-12-27 07:00:01,17.38336675,
2025-12-27 08:00:01,16.98341887,
2025-12-27 09:00:01,16.68192063,
2025-12-27 10:00:01,17.08186852,
2025-12-27 11:00:01,17.58641534,
2025-12-27 12:00:01,18.29399548,
2025-12-27 13:00:01,18.69394337,
2025-12-27 14:00:01,19.19849018,
2025-12-27 15:00:01,19.39537422,
2025-12-27 16:00:01,20.00451998,
2025-12-27 17:00:01,19.59842281,
2025-12-27 18:00:01,19.19849018,
2025-12-27 19:00:01,19.10004054,
2025-12-27 20:00:01,18.58934443,
2025-12-27 21:00:01,18.29399548,
2025-12-27 22:00:01,18.18939655,
2025-12-27 23:00:01,18.0909469,
2025-12-28 00:00:01,17.68484973,
2025-12-28 01:00:01,17.48796569,
2025-12-28 02:00:01,17.58641534,
2025-12-28 03:00:01,17.38336675,
2025-12-28 04:00:01,17.18646745,
2025-12-28 05:00:01,17.08186852,
2025-12-28 06:00:01,17.2849171,
2025-12-28 07:00:01,16.87881993,
2025-12-28 08:00:01,16.98341887,
2025-12-28 09:00:01,16.68192063,
2025-12-28 10:00:01,16.98341887,
2025-12-28 11:00:01,17.48796569,
2025-12-28 12:00:01,18.18939655,
2025-12-28 13:00:01,19.19849018,
2025-12-28 14:00:01,19.29693983,
2025-12-28 15:00:01,19.49997316,
2025-12-28 16:00:01,19.89992104,
2025-12-28 17:00:01,19.80147139,
2025-12-28 18:00:01,19.29693983,
2025-12-28 19:00:01,18.79239301,
2025-12-28 20:00:01,18.79239301,
2025-12-28 21:00:01,18.18939655,
2025-12-28 22:00:01,17.88789831,
2025-12-28 23:00:01,17.78329937,
2025-12-29 00:00:01,17.78329937,
2025-12-29 01:00:01,17.2849171,
2025-12-29 02:00:01,17.48796569,
2025-12-29 03:00:01,17.2849171,
2025-12-29 04:00:01,16.78037028,
2025-12-29 05:00:01,16.78037028,
2025-12-29 06:00:01,16.58347099,
2025-12-29 07:00:01,16.87881993,
2025-12-29 08:00:01,17.38336675,
2025-12-29 09:00:01,19.59842281,
2025-12-29 10:00:14,22.41649059,
2025-12-29 11:00:14,22.52108953,
2025-12-29 12:00:14,23.124086,
2025-12-29 13:00:01,21.11206327,
2025-12-29 14:00:04,22.41649059,
2025-12-29 15:00:04,23.0194718,
2025-12-29 16:00:04,21.21051292,
2025-12-29 17:00:04,20.81056503,
2025-12-29 18:00:04,20.10296963,
2025-12-29 19:00:04,20.10296963,
2025-12-29 20:00:04,20.10296963,
2025-12-29 21:00:04,19.59842281,
2025-12-29 22:00:04,19.10004054,
2025-12-29 23:00:04,18.58934443,
2025-12-30 00:00:04,18.18939655,
2025-12-30 01:00:04,18.18939655,
2025-12-30 02:00:04,17.98634796,
2025-12-30 03:00:04,17.68484973,
2025-12-30 04:00:04,17.38336675,
2025-12-30 05:00:04,17.08186852,
2025-12-30 06:00:04,16.98341887,
2025-12-30 07:00:41,17.08186852,
2025-12-30 08:00:04,17.98634796,
2025-12-30 09:00:04,18.39244513,
2025-12-30 10:00:04,21.71504448,
2025-12-30 11:00:04,22.72413812,
2025-12-30 12:00:04,23.124086,
2025-12-30 13:00:04,21.30894731,
2025-12-30 14:00:04,21.61659483,
2025-12-30 15:00:04,21.61659483,
2025-12-30 16:00:04,21.41354624,
2025-12-30 17:00:04,21.00746433,
2025-12-30 18:00:04,20.40446786,
2025-12-30 19:00:04,20.50291751,
2025-12-30 20:00:04,19.89992104,
2025-12-30 21:00:04,19.69687246,
2025-12-30 22:00:04,19.10004054,
2025-12-30 23:00:04,18.49089478,
2025-12-31 00:00:04,18.39244513,
2025-12-31 01:00:04,18.0909469,
2025-12-31 02:00:04,17.88789831,
2025-12-31 03:00:04,17.58641534,
2025-12-31 04:00:04,17.08186852,
2025-12-31 05:00:04,16.98341887,
2025-12-31 06:00:04,16.68192063,
2025-12-31 07:00:04,16.17737381,
2025-12-31 08:00:04,16.87881993,
2025-12-31 09:00:04,17.38336675,
2025-12-31 10:00:04,20.7059661,
2025-12-31 11:00:04,21.71504448,
2025-12-31 12:00:04,22.72413812,
2025-12-31 13:00:04,21.21051292,
2025-12-31 14:00:04,22.21344201,
2025-12-31 15:00:04,22.31804094,
2025-12-31 16:00:04,22.82258776,
2025-12-31 17:00:04,20.60751645,
2025-12-31 18:00:04,20.20141928,
2025-12-31 19:00:04,19.49997316,
2025-12-31 20:00:04,19.49997316,
2025-12-31 21:00:04,18.9954416,
2025-12-31 22:00:04,18.18939655,
2025-12-31 23:00:04,17.2849171,
2026-01-01 00:00:04,16.98341887,
2026-01-01 01:00:04,16.78037028,
2026-01-01 02:00:04,16.78037028,
2026-01-01 03:00:04,16.68192063,
2026-01-01 04:00:04,16.27582346,
2026-01-01 05:00:04,15.57439261,
2026-01-01 06:00:04,15.57439261,
2026-01-01 07:00:05,15.87587558,
2026-01-01 08:00:04,16.58347099,
2026-01-01 09:00:04,17.08186852,
2026-01-01 10:00:04,17.38336675,
2026-01-01 11:00:04,18.0909469,
2026-01-01 12:00:04,18.79239301,
2026-01-01 13:00:04,19.29693983,
2026-01-01 14:00:04,20.00451998,
2026-01-01 15:00:04,19.80147139,
2026-01-01 16:00:04,19.59842281,
2026-01-01 17:00:04,19.39537422,
2026-01-01 18:00:04,19.69687246,
2026-01-01 19:00:04,19.69687246,
2026-01-01 20:00:04,19.19849018,
2026-01-01 21:00:04,18.58934443,
2026-01-01 22:00:04,18.29399548,
2026-01-01 23:00:04,17.78329937,
2026-01-02 00:00:04,17.38336675,
2026-01-02 01:00:04,17.08186852,
2026-01-02 02:00:04,16.58347099,
2026-01-02 03:00:04,16.17737381,
2026-01-02 04:00:04,15.97432523,
2026-01-02 05:00:04,16.17737381,
2026-01-02 06:00:04,16.3804224,
2026-01-02 07:00:04,16.47887205,
2026-01-02 08:00:04,17.2849171,
2026-01-02 09:00:04,17.68484973,
2026-01-02 10:00:04,18.0909469,
2026-01-02 11:00:04,17.98634796,
2026-01-02 12:00:04,18.18939655,
2026-01-02 13:00:04,18.9954416,
2026-01-02 14:00:04,18.9954416,
2026-01-02 15:00:04,18.9954416,
2026-01-02 16:00:04,18.89699195,
2026-01-02 17:00:04,18.58934443,
2026-01-02 18:00:04,18.79239301,
2026-01-02 19:00:04,18.9954416,
2026-01-02 20:00:04,18.49089478,
2026-01-02 21:00:04,18.29399548,
2026-01-02 22:00:04,17.08641563,
2026-01-02 23:00:04,17.08186852,
2026-01-03 00:00:04,16.78037028,
2026-01-03 01:00:04,16.47887205,
2026-01-03 02:00:04,16.17737381,
2026-01-03 03:00:04,15.97432523,
2026-01-03 04:00:04,15.77744119,
2026-01-03 05:00:04,15.37134402,
2026-01-03 06:00:04,15.67284225,
2026-01-03 07:00:04,15.06984579,
2026-01-03 08:00:04,15.16829543,
2026-01-03 09:00:04,15.27289437,
2026-01-03 10:00:04,15.87587558,
2026-01-03 11:00:04,16.3804224,
2026-01-03 12:00:04,16.27582346,
2026-01-03 13:00:04,16.68192063,
2026-01-03 14:00:04,16.58347099,
2026-01-03 15:00:04,16.98341887,
2026-01-03 16:00:04,16.87881993,
2026-01-03 17:00:04,17.18646745,
2026-01-03 18:00:04,16.87881993,
2026-01-03 19:00:04,16.27582346,
2026-01-03 20:00:04,15.37134402,
2026-01-03 21:00:04,15.06984579,
2026-01-03 22:00:04,15.37134402,
2026-01-03 23:00:04,15.06984579,
2026-01-04 00:00:04,14.56529897,
2026-01-04 01:00:04,14.36839967,
2026-01-04 02:00:04,13.9623025,
2026-01-04 03:00:04,14.46684932,
2026-01-04 04:00:41,14.87294649,
2026-01-04 05:00:41,14.97139614,
2026-01-04 06:00:04,15.37134402,
2026-01-04 07:00:04,15.67284225,
2026-01-04 08:00:04,15.46979367,
2026-01-04 09:00:04,15.46979367,
2026-01-04 10:00:04,15.46979367,
2026-01-04 11:00:04,15.57439261,
2026-01-04 12:00:04,16.27582346,
2026-01-04 13:00:04,16.58347099,
2026-01-04 14:00:04,16.98341887,
2026-01-04 15:00:04,17.58641534,
2026-01-04 16:00:04,17.18646745,
2026-01-04 17:00:04,17.2849171,
2026-01-04 18:00:04,16.98341887,
2026-01-04 19:00:04,16.27582346,
2026-01-04 20:00:04,15.67284225,
2026-01-04 21:00:04,15.57439261,
2026-01-04 22:00:04,14.97139614,
2026-01-04 23:00:04,14.56529897,
2026-01-05 00:00:04,14.46684932,
2026-01-05 01:00:04,14.46684932,
2026-01-05 02:00:04,13.9623025,
2026-01-05 03:00:04,14.06691669,
2026-01-05 04:00:04,13.86386811,
2026-01-05 05:00:04,14.06691669,
2026-01-05 06:00:04,14.76834755,
2026-01-05 07:00:04,15.27289437,
2026-01-05 08:00:04,15.27289437,
2026-01-05 09:00:04,17.38336675,
2026-01-05 10:00:04,19.69687246,
2026-01-05 11:00:04,20.50291751,
2026-01-05 12:00:04,21.00746433,
2026-01-05 13:00:04,21.30894731,
2026-01-05 14:00:04,21.61659483,
2026-01-05 15:00:04,21.71504448,
2026-01-05 16:00:04,22.41649059,
2026-01-05 17:00:04,22.01654271,
2026-01-05 18:00:04,19.89992104,
2026-01-05 19:00:04,19.29693983,
2026-01-05 20:00:04,19.39537422,
2026-01-05 21:00:04,18.39244513,
2026-01-05 22:00:04,18.0909469,
2026-01-05 23:00:04,17.18646745,
2026-01-06 00:00:04,16.68192063,
2026-01-06 01:00:04,15.97432523,
2026-01-06 02:00:04,15.27289437,
2026-01-06 03:00:04,15.67284225,
2026-01-06 04:00:04,14.97139614,
2026-01-06 05:00:04,14.87294649,
2026-01-06 06:00:04,14.6698979,
2026-01-06 07:00:04,14.87294649,
2026-01-06 08:00:03,15.37134402,
2026-01-06 09:00:04,17.48796569,
2026-01-06 10:00:04,19.49997316,
2026-01-06 11:00:04,20.30601821,
2026-01-06 12:00:04,21.41354624,
2026-01-06 13:00:04,20.81056503,
2026-01-06 14:00:04,20.20141928,
2026-01-06 15:00:04,21.00746433,
2026-01-06 16:00:04,20.81056503,
2026-01-06 17:00:04,21.21051292,
2026-01-06 18:00:04,19.80147139,
2026-01-06 19:00:04,19.10004054,
2026-01-06 20:00:04,18.49089478,
2026-01-06 21:00:04,17.98634796,
2026-01-06 22:00:04,17.48796569,
2026-01-06 23:00:04,17.2849171,
2026-01-07 00:00:04,16.68192063,
2026-01-07 01:00:04,16.98341887,
2026-01-07 02:00:04,16.17737381,
2026-01-07 03:00:04,16.47887205,
2026-01-07 04:00:04,16.68192063,
2026-01-07 05:00:04,15.46979367,
2026-01-07 06:00:04,15.67284225,
2026-01-07 07:00:04,15.67284225,
2026-01-07 08:00:04,18.69394337,
2026-01-07 09:00:04,19.29693983,
2026-01-07 10:00:04,20.30601821,
2026-01-07 11:00:04,20.81056503,
2026-01-07 12:00:04,20.50291751,
2026-01-07 13:00:04,20.60751645,
2026-01-07 14:00:04,21.41354624,
2026-01-07 15:00:04,21.21051292,
2026-01-07 16:00:04,21.30894731,
2026-01-07 17:00:04,20.60751645,
2026-01-07 18:00:04,20.10296963,
2026-01-07 19:00:04,20.00451998,
2026-01-07 20:00:04,19.89992104,
2026-01-07 21:00:04,19.39537422,
2026-01-07 22:00:04,18.9954416,
2026-01-07 23:00:04,18.79239301,
2026-01-08 00:00:04,18.58934443,
2026-01-08 01:00:04,17.98634796,
2026-01-08 02:00:04,17.68484973,
2026-01-08 03:00:04,17.08186852,
2026-01-08 04:00:04,17.38336675,
2026-01-08 05:00:04,17.48796569,
2026-01-08 06:00:04,17.08186852,
2026-01-08 07:00:04,16.58347099,
2026-01-08 08:00:04,19.29693983,
2026-01-08 09:00:04,21.00746433,
2026-01-08 10:00:04,20.20141928,
2026-01-08 11:00:04,20.50291751,
2026-01-08 12:00:04,20.81056503,
2026-01-08 13:00:04,20.60751645,
2026-01-08 14:00:04,20.90901468,
2026-01-08 15:00:04,21.30894731,
2026-01-08 16:00:04,21.30894731,
2026-01-08 17:00:04,21.11206327,
2026-01-08 18:00:04,20.7059661,
2026-01-08 19:00:04,20.7059661,
2026-01-08 20:00:04,20.90901468,
2026-01-08 21:00:04,20.60751645,
2026-01-08 22:00:04,20.00451998,
2026-01-08 23:00:04,19.39537422,
2026-01-09 00:00:04,18.58934443,
2026-01-09 01:00:04,17.78329937,
2026-01-09 02:00:04,17.38336675,
2026-01-09 03:00:04,16.27582346,
2026-01-09 04:00:04,16.27582346,
2026-01-09 05:00:04,15.77744119,
2026-01-09 06:00:04,15.57439261,
2026-01-09 07:00:04,15.37134402,
2026-01-09 08:00:04,16.78037028,
2026-01-09 09:00:04,19.39537422,
2026-01-09 10:00:04,20.40446786,
2026-01-09 11:00:04,21.30894731,
2026-01-09 12:00:04,21.30894731,
2026-01-09 13:00:04,20.90901468,
2026-01-09 14:00:04,21.41354624,
2026-01-09 15:00:04,20.60751645,
2026-01-09 16:00:04,20.81056503,
2026-01-09 17:00:04,20.10296963,
2026-01-09 18:00:04,18.89699195,
2026-01-09 19:00:04,18.29399548,
2026-01-09 20:00:04,17.88789831,
2026-01-09 21:00:04,17.38336675,
2026-01-09 22:00:04,17.08186852,
2026-01-09 23:00:04,16.98341887,
2026-01-10 00:00:04,16.78037028,
2026-01-10 01:00:04,16.47887205,
2026-01-10 02:00:04,16.58347099,
2026-01-10 03:00:04,16.17737381,
2026-01-10 04:00:04,16.47887205,
2026-01-10 05:00:04,16.07277488,
2026-01-10 06:00:04,16.17737381,
2026-01-10 07:00:04,15.67284225,
2026-01-10 08:00:04,15.06984579,
2026-01-10 09:00:04,14.97139614,
2026-01-10 10:00:04,15.27289437,
2026-01-10 11:00:04,15.37134402,
2026-01-10 12:00:04,15.27289437,
2026-01-10 13:00:04,15.97432523,
2026-01-10 14:00:04,15.46979367,
2026-01-10 15:00:04,15.57439261,
2026-01-10 16:00:04,15.27289437,
2026-01-10 17:00:05,15.16829543,
2026-01-10 18:00:04,14.87294649,
2026-01-10 19:00:04,14.6698979,
2026-01-10 20:00:04,14.36839967,
2026-01-10 21:00:04,14.26380073,
2026-01-10 22:00:04,14.06691669,
2026-01-10 23:00:04,14.06691669,
2026-01-11 00:00:04,13.86386811,
2026-01-11 01:00:04,13.9623025,
2026-01-11 02:00:04,13.9623025,
2026-01-11 03:00:04,13.66081952,
2026-01-11 04:00:04,13.9623025,
2026-01-11 05:00:04,13.9623025,
2026-01-11 06:00:04,13.75926917,
2026-01-11 07:00:04,13.86386811,
2026-01-11 08:00:04,14.06691669,
2026-01-11 09:00:04,14.16535108,
2026-01-11 10:00:04,13.75926917,
2026-01-11 11:00:04,13.86386811,
2026-01-11 12:00:04,14.36839967,
2026-01-11 13:00:04,14.46684932,
2026-01-11 14:00:04,14.6698979,
2026-01-11 15:00:04,14.46684932,
2026-01-11 16:00:04,14.36839967,
2026-01-11 17:00:04,13.9623025,
2026-01-11 18:00:04,14.36839967,
2026-01-11 19:00:04,14.46684932,
2026-01-11 20:00:04,14.6698979,
2026-01-11 21:00:04,14.6698979,
2026-01-11 22:00:04,15.06984579,
2026-01-11 23:00:04,15.16829543,
2026-01-12 00:00:04,14.76834755,
2026-01-12 01:00:04,14.76834755,
2026-01-12 02:00:04,14.76834755,
2026-01-12 03:00:04,14.76834755,
2026-01-12 04:00:04,14.46684932,
2026-01-12 05:00:04,14.76834755,
2026-01-12 06:00:04,14.46684932,
2026-01-12 07:00:04,14.46684932,
2026-01-12 08:00:04,14.6698979,
2026-01-12 09:00:04,15.16829543,
2026-01-12 10:00:04,18.18939655,
2026-01-12 11:00:04,20.50291751,
2026-01-12 12:00:04,21.11206327,
2026-01-12 13:00:04,20.90901468,
2026-01-12 14:00:41,21.91809306,
2026-01-12 15:00:04,22.31804094,
2026-01-12 16:00:04,21.20855979,
2026-01-12 17:00:04,21.00746433,
2026-01-12 18:00:04,20.20141928,
2026-01-12 19:00:04,20.30601821,
2026-01-12 20:00:04,19.69687246,
2026-01-12 21:00:04,19.80147139,
2026-01-12 22:00:04,19.69687246,
2026-01-12 23:00:04,19.49997316,
2026-01-13 00:00:04,19.59842281,
2026-01-13 01:00:04,19.69687246,
2026-01-13 02:00:04,20.30601821,
2026-01-13 03:00:04,20.20141928,
2026-01-13 04:00:04,20.40446786,
2026-01-13 05:00:04,20.7059661,
2026-01-13 06:00:04,20.60751645,
2026-01-13 07:00:04,20.81056503,
2026-01-13 08:00:04,20.90901468,
2026-01-13 09:00:04,21.30894731,
2026-01-13 10:00:04,21.91809306,
2026-01-13 11:00:04,21.81964341,
2026-01-13 12:00:04,22.11499236,
2026-01-13 13:00:04,21.61659483,
2026-01-13 14:00:04,21.51199589,
2026-01-13 15:00:04,21.00746433,
2026-01-13 16:00:04,21.00746433,
2026-01-13 17:00:04,20.50291751,
2026-01-13 18:00:04,20.20141928,
2026-01-13 19:00:04,19.19849018,
2026-01-13 20:00:04,19.29693983,
2026-01-13 21:00:04,19.10004054,
2026-01-13 22:00:04,18.69394337,
2026-01-13 23:00:04,18.58934443,
2026-01-14 00:00:04,18.18939655,
2026-01-14 01:00:04,18.49089478,
2026-01-14 02:00:04,18.18939655,
2026-01-14 03:00:04,17.58641534,
2026-01-14 04:00:04,17.38336675,
2026-01-14 05:00:04,17.58641534,
2026-01-14 06:00:04,17.78329937,
2026-01-14 07:00:04,17.38336675,
2026-01-14 08:00:04,19.69687246,
2026-01-14 09:00:04,20.10296963,
2026-01-14 10:00:04,19.80147139,
2026-01-14 11:00:04,20.60751645,
2026-01-14 12:00:04,21.41354624,
2026-01-14 13:00:04,21.91809306,
2026-01-14 14:00:04,22.31804094,
2026-01-14 15:00:04,22.01654271,
2026-01-14 16:00:04,22.21344201,
2026-01-14 17:00:04,21.91809306,
2026-01-14 18:00:04,21.81964341,
2026-01-14 19:00:04,21.71504448,
2026-01-14 20:00:04,22.21344201,
2026-01-14 21:00:04,21.71504448,
2026-01-14 22:00:04,21.51199589,
2026-01-14 23:00:04,21.41354624,
2026-01-15 00:00:04,21.51199589,
2026-01-15 01:00:04,21.61659483,
2026-01-15 02:00:04,21.71504448,
2026-01-15 03:00:04,21.30894731,
2026-01-15 04:00:04,21.71504448,
2026-01-15 05:00:04,21.81964341,
2026-01-15 06:00:04,21.61659483,
2026-01-15 07:00:04,21.91809306,
2026-01-15 08:00:04,22.31804094,
2026-01-15 09:00:04,22.11499236,
2026-01-15 10:00:04,22.72413812,
2026-01-15 11:00:04,22.72413812,
2026-01-15 12:00:04,22.21344201,
2026-01-15 13:00:04,21.51199589,
2026-01-15 14:00:04,21.61659483,
2026-01-15 15:00:04,21.61659483,
2026-01-15 16:00:04,21.71504448,
2026-01-15 17:00:04,21.00746433,
2026-01-15 18:00:04,20.81056503,
2026-01-15 19:00:04,21.11206327,
2026-01-15 20:00:04,21.21051292,
2026-01-15 21:00:04,21.21051292,
2026-01-15 22:00:04,21.30894731,
2026-01-15 23:00:04,21.30894731,
2026-01-16 00:00:04,21.30894731,
2026-01-16 01:00:04,21.41354624,
2026-01-16 02:00:04,21.21051292,
2026-01-16 03:00:04,21.51199589,
2026-01-16 04:00:04,21.61659483,
2026-01-16 05:00:04,21.81964341,
2026-01-16 06:00:04,21.71504448,
2026-01-16 07:00:04,21.81964341,
2026-01-16 08:00:04,21.81964341,
2026-01-16 09:00:04,21.91809306,
2026-01-16 10:00:04,22.41649059,
2026-01-16 11:00:04,22.82258776,
2026-01-16 12:00:04,22.61953918,
2026-01-16 13:00:04,22.52108953,
2026-01-16 14:00:04,23.32711932,
2026-01-16 15:00:04,23.83166614,
2026-01-16 16:00:04,23.32711932,